<?xml version="1.0" encoding="UTF-8"?>
<extentreports>
  <configuration>

    <!-- report theme -->
    <!-- STANDARD, DARK -->
    <theme>STANDARD</theme>

    <!-- document encoding -->
    <!-- defaults to UTF-8 -->
    <encoding>UTF-8</encoding>

    <!-- protocol for script and stylesheets -->
    <!-- defaults to https -->
    <!-- HTTP, HTTPS -->
    <protocol>HTTPS</protocol>

    <!-- offline report -->
    <timelineEnabled>true</timelineEnabled>
    
    <!-- offline report -->
    <enableOfflineMode>false</enableOfflineMode>
    
    <!-- use thumbnails for base64 images -->
    <!-- this may slowdown viewing tests -->
    <thumbnailForBase64>false</thumbnailForBase64>

    <!-- title of the document -->
    <documentTitle>Test Results</documentTitle>

    <!-- report name - displayed at top-nav -->
    <reportName>
        <![CDATA[
            <img src='../src/test/resources/Logo/BaxterLogo.jpg' style="width:10%"/>
        ]]> BaxterTCoE-WebTestOps
    </reportName>

    <!-- timestamp format -->
    <timeStampFormat>MMM dd, yyyy HH:mm:ss</timeStampFormat>

    <!-- custom javascript -->
    <js>
      <![CDATA[
        $(document).ready(function() {
        });
      ]]>
    </js>

    <!-- custom styles -->
    <css>
      <![CDATA[
        .badge-primary{background-color:#df656500}
        .header{background-color:#112843a3}
      ]]>
    </css>

  </configuration>
</extentreports>